{
    "feature_order": [
        "vib_rms",
        "vib_peak",
        "current_rms",
        "current_std"
    ],
    "scaler_means": [
        0.2979614517413957,
        1.0128802280348315,
        1.4914344965613384,
        0.100179332918572
    ],
    "scaler_scales": [
        0.04643367443677358,
        0.14767998140586439,
        0.09915537553563267,
        0.02034044428078452
    ],
    "centroids": [
        [
            0.23541738852970795,
            0.4707956361074926,
            -0.35605191961485716,
            -0.4121511881905675
        ],
        [
            -0.34586011401278094,
            -0.6916627246517484,
            0.5230886226440457,
            0.6055060666009586
        ]
    ],
    "warning_threshold": 2.953739972366156,
    "critical_threshold": 3.6037806000939643
}