{
  "n_clusters": 3,
  "n_features": 12,
  "centroids": [
    [
      1.1096832317113299,
      0.6480729743923466,
      0.5299072207755519,
      -0.11571123152429101,
      1.00160239159735,
      1.0218097042904148,
      0.2446710210727578,
      0.8217835880874463,
      0.7428887995981691,
      0.37844637725716623,
      0.2731586519138383,
      0.6227829746325863
    ],
    [
      -0.8668309476884037,
      -0.5491995872363309,
      -0.4606041636777464,
      0.044772768185165415,
      -0.7819023454765824,
      -0.7966380082648137,
      -0.17317892569059035,
      -0.6590772381334226,
      -0.565373356663634,
      -0.3286702687146426,
      -0.26550216916650154,
      -0.49830841911099544
    ],
    [
      1.4756389840290263,
      20.62168529625691,
      22.171130254118076,
      20.829147520520074,
      1.101422727360442,
      0.6456096658462834,
      -7.929919726374775,
      8.977005006068683,
      -5.882446190872149,
      15.704520550670132,
      24.3402004314365,
      6.265567872591937
    ]
  ],
  "feature_names": [
    "vib_rms",
    "vib_peak",
    "vib_crest",
    "vib_kurt",
    "cur_rms",
    "cur_std",
    "dom_freq",
    "spec_rms",
    "spec_cent",
    "band1",
    "band2",
    "band3"
  ]
}