{
  "mean_": [
    9.741995882050265,
    9.919856504088752,
    1.0182435206705798,
    -0.8140525269511657,
    3.9279916261173486,
    0.04230893188400762,
    34.93708981990232,
    1.098336598710161,
    27.937911006512987,
    11.132728439975274,
    13.016974899863863,
    50.2220783121596
  ],
  "scale_": [
    0.020080992810112806,
    0.1403044416933386,
    0.013216247196879242,
    1.5515191131678534,
    0.00905633448275707,
    0.010558372562830369,
    1.105334621578749,
    0.5177210803532071,
    1.0900309028675277,
    5.36533306999444,
    11.726787709567457,
    24.18331291991135
  ],
  "feature_names": [
    "vib_rms",
    "vib_peak",
    "vib_crest",
    "vib_kurt",
    "cur_rms",
    "cur_std",
    "dom_freq",
    "spec_rms",
    "spec_cent",
    "band1",
    "band2",
    "band3"
  ]
}